[
{
    "page":1, "alias":"title", "isTmplt":false,
        "bg":{ "x":960, "y":640, "width":1920, "height":1280, "alpha" :1 , "ext":"png" },
        "title":{ "x":1335, "y":194, "width":737, "height":13, "alpha" :1 , "ext":"png" },
    },
{
    "page":2, "alias":"pageA", "isTmplt":false,
        "bg":{ "x":960, "y":640, "width":1920, "height":1280, "alpha" :1 , "ext":"png" },
        "Shape1":{ "x":1050, "y":1058, "width":240, "height":235, "alpha" :1 , "ext":"png" },
        "Shape2":{ "x":667, "y":388, "width":767, "height":505, "alpha" :1 , "ext":"png" },
        "Text1":{ "x":419, "y":1018, "width":600, "height":155, "alpha" :1 , "ext":"png" },
    },
{
    "page":3, "alias":"pageB", "isTmplt":false,
        "bg":{ "x":960, "y":640, "width":1920, "height":1280, "alpha" :1 , "ext":"png" },
        "Shape1":{ "x":960, "y":639, "width":462, "height":571, "alpha" :1 , "ext":"png" },
        "mask":{ "x":985, "y":640, "width":512, "height":512, "alpha" :1 , "ext":"png" },
    },
{
    "page":4, "alias":"pageB", "isTmplt":false,
        "bg":{ "x":960, "y":640, "width":1920, "height":1280, "alpha" :1 , "ext":"png" },
        "Shape1":{ "x":961, "y":658, "width":587, "height":576, "alpha" :1 , "ext":"png" },
    },
{
    "page":5, "alias":"pageA", "isTmplt":false,
        "bg":{ "x":960, "y":640, "width":1920, "height":1280, "alpha" :1 , "ext":"png" },
        "Shape1":{ "x":470, "y":344, "width":418, "height":378, "alpha" :1 , "ext":"png" },
        "Shape2":{ "x":1189, "y":776, "width":683, "height":604, "alpha" :1 , "ext":"png" },
        "Text1":{ "x":419, "y":1018, "width":600, "height":155, "alpha" :1 , "ext":"png" },
    },
{
    "page":6, "alias":"pageC", "isTmplt":false,
        "bg":{ "x":960, "y":640, "width":1920, "height":1280, "alpha" :1 , "ext":"png" },
        "gotoPreviousBoo":{ "x":1401, "y":680, "width":874, "height":81, "alpha" :1 , "ext":"png" },
        "gotoNextBook":{ "x":1314, "y":303, "width":701, "height":81, "alpha" :1 , "ext":"png" },
        "gotoTitle":{ "x":590, "y":442, "width":652, "height":103, "alpha" :1 , "ext":"png" },
        "gotoTOC":{ "x":477, "y":166, "width":427, "height":78, "alpha" :1 , "ext":"png" },
    },
]