[
{
    "page":1, "alias":"title", "isTmplt":false,
        "bg":{ "x":960, "y":640, "width":1920, "height":1280, "alpha" :1 , "ext":"png" },
        "title":{ "x":1498, "y":151, "width":337, "height":162, "alpha" :1 , "ext":"png" },
    },
{
    "page":2, "alias":"pageA", "isTmplt":false,
        "bg":{ "x":960, "y":640, "width":1920, "height":1280, "alpha" :1 , "ext":"png" },
        "Shape1":{ "x":602, "y":686, "width":636, "height":580, "alpha" :1 , "ext":"png" },
        "Shape2":{ "x":1408, "y":604, "width":615, "height":698, "alpha" :1 , "ext":"png" },
        "Text1":{ "x":919, "y":1167, "width":824, "height":47, "alpha" :1 , "ext":"png" },
    },
{
    "page":3, "alias":"pageC", "isTmplt":false,
        "bg":{ "x":960, "y":640, "width":1920, "height":1280, "alpha" :1 , "ext":"png" },
        "gotoPreviousBoo":{ "x":1401, "y":680, "width":874, "height":81, "alpha" :1 , "ext":"png" },
        "gotoNextBook":{ "x":1314, "y":303, "width":701, "height":81, "alpha" :1 , "ext":"png" },
        "gotoTitle":{ "x":590, "y":442, "width":652, "height":103, "alpha" :1 , "ext":"png" },
        "gotoTOC":{ "x":477, "y":166, "width":427, "height":78, "alpha" :1 , "ext":"png" },
    },
]